<?xml version="1.0" encoding="utf-8"?>
<!--/235379/1342682/2.50/6/4/Connector/-->
<quadcept_library>
  <setting unit="mil" />
  <textstyle name="Default" height="47.244094488189" strokewidth="7.8740157480315" charwidth="47.244094488189" />
  <textstyle name="Dimension" height="19.6850393700787" strokewidth="0" charwidth="19.6850393700787" />
  <textstyle name="H127W0635TH00762" height="50" strokewidth="3" charwidth="25" />
  <textstyle name="H15W15TH02" height="59.0551181102362" strokewidth="7.8740157480315" charwidth="59.0551181102362" />
  <padstyle name="c140_h90" surface="False" plated="True" isvia="False" nopaste="True" nomask="True" complex="False" holesize="35.433070866141">
    <padshape layer="TOP" shape="round" width="55.11811023622" height="55.11811023622" />
    <padshape layer="TOP_SOLDER_MASK" shape="round" width="62.992125984251" height="62.992125984251" />
    <padshape layer="INNER" shape="round" width="55.11811023622" height="55.11811023622" />
    <padshape layer="BOTTOM" shape="round" width="55.11811023622" height="55.11811023622" />
    <padshape layer="BOTTOM_SOLDER_MASK" shape="round" width="62.992125984251" height="62.992125984251" />
  </padstyle>
  <padstyle name="c236_h236" surface="False" plated="True" isvia="False" nopaste="True" nomask="True" complex="False" holesize="92.913385826771">
    <padshape layer="TOP" shape="round" width="92.913385826771" height="92.913385826771" />
    <padshape layer="TOP_SOLDER_MASK" shape="round" width="100.7874015748" height="100.7874015748" />
    <padshape layer="INNER" shape="round" width="92.913385826771" height="92.913385826771" />
    <padshape layer="BOTTOM" shape="round" width="92.913385826771" height="92.913385826771" />
    <padshape layer="BOTTOM_SOLDER_MASK" shape="round" width="100.7874015748" height="100.7874015748" />
  </padstyle>
  <footprint name="615006138421" originx="0" originy="0" pickpointx="0" pickpointy="0">
    <pcbpin number="1" name="1" style="c140_h90" originx="336.61417322834" originy="190.55118110236" rotation="90" />
    <pcbpin number="2" name="2" style="c140_h90" originx="296.45669291338" originy="90.551181102361" rotation="90" />
    <pcbpin number="3" name="3" style="c140_h90" originx="256.29921259842" originy="190.55118110236" rotation="90" />
    <pcbpin number="4" name="4" style="c140_h90" originx="216.14173228346" originy="90.551181102361" rotation="90" />
    <pcbpin number="5" name="5" style="c140_h90" originx="175.9842519685" originy="190.55118110236" rotation="90" />
    <pcbpin number="6" name="6" style="c140_h90" originx="135.82677165354" originy="90.551181102361" rotation="90" />
    <pcbpin number="7" name="7" style="c236_h236" originx="472.44094488188" originy="0" rotation="90" />
    <pcbpin number="8" name="8" style="c236_h236" originx="0" originy="0" rotation="90" />
    <line layer="TOP_ASSEMBLY" originx="-7.8740157480314" originy="-236.22047244094" endx="472.44094488188" endy="-236.22047244094" width="7.8740157480314" />
    <line layer="TOP_ASSEMBLY" originx="472.44094488188" originy="-236.22047244094" endx="472.44094488188" endy="275.5905511811" width="7.8740157480314" />
    <line layer="TOP_ASSEMBLY" originx="472.44094488188" originy="275.5905511811" endx="-7.8740157480314" endy="275.5905511811" width="7.8740157480314" />
    <line layer="TOP_ASSEMBLY" originx="-7.8740157480314" originy="275.5905511811" endx="-7.8740157480314" endy="-236.22047244094" width="7.8740157480314" />
    <line layer="TOP_SILKSCREEN" originx="-7.8740157480314" originy="275.5905511811" endx="472.44094488188" endy="275.5905511811" width="7.8740157480314" />
    <line layer="TOP_SILKSCREEN" originx="-7.8740157480314" originy="-236.22047244094" endx="472.44094488188" endy="-236.22047244094" width="7.8740157480314" />
    <line layer="TOP_SILKSCREEN" originx="-7.8740157480314" originy="275.5905511811" endx="-7.8740157480314" endy="62.992125984251" width="7.8740157480314" />
    <line layer="TOP_SILKSCREEN" originx="472.44094488188" originy="275.5905511811" endx="472.44094488188" endy="62.992125984251" width="7.8740157480314" />
    <line layer="TOP_SILKSCREEN" originx="-7.8740157480314" originy="-236.22047244094" endx="-7.8740157480314" endy="-62.992125984251" width="7.8740157480314" />
    <line layer="TOP_SILKSCREEN" originx="472.44094488188" originy="-236.22047244094" endx="472.44094488188" endy="-62.992125984251" width="7.8740157480314" />
  </footprint>
  <symbol name="615006138421" originx="0" originy="0">
    <line originx="200" originy="100" endx="600" endy="100" width="0" />
    <line originx="600" originy="-300" endx="600" endy="100" width="0" />
    <line originx="600" originy="-300" endx="200" endy="-300" width="0" />
    <line originx="200" originy="100" endx="200" endy="-300" width="0" />
    <sympin number="1" originx="600" originy="-200" rotation="0" length="100" width="7.8740157480315" flipped="False">
      <text name="pinname" originx="570" originy="-200" style="Default" rotation="0" justify="right" flipped="False" hidden="False" data="1" />
      <text name="pindes" originx="660" originy="-180" style="Default" rotation="0" justify="lowerleft" flipped="False" hidden="False" data="1" />
    </sympin>
    <sympin number="2" originx="200" originy="-200" rotation="180" length="100" width="7.8740157480315" flipped="False">
      <text name="pinname" originx="230" originy="-200" style="Default" rotation="0" justify="left" flipped="False" hidden="False" data="2" />
      <text name="pindes" originx="140" originy="-180" style="Default" rotation="0" justify="lowerright" flipped="False" hidden="False" data="2" />
    </sympin>
    <sympin number="3" originx="600" originy="-100" rotation="0" length="100" width="7.8740157480315" flipped="False">
      <text name="pinname" originx="570" originy="-100" style="Default" rotation="0" justify="right" flipped="False" hidden="False" data="3" />
      <text name="pindes" originx="660" originy="-80" style="Default" rotation="0" justify="lowerleft" flipped="False" hidden="False" data="3" />
    </sympin>
    <sympin number="4" originx="200" originy="-100" rotation="180" length="100" width="7.8740157480315" flipped="False">
      <text name="pinname" originx="230" originy="-100" style="Default" rotation="0" justify="left" flipped="False" hidden="False" data="4" />
      <text name="pindes" originx="140" originy="-80" style="Default" rotation="0" justify="lowerright" flipped="False" hidden="False" data="4" />
    </sympin>
    <sympin number="5" originx="600" originy="0" rotation="0" length="100" width="7.8740157480315" flipped="False">
      <text name="pinname" originx="570" originy="0" style="Default" rotation="0" justify="right" flipped="False" hidden="False" data="5" />
      <text name="pindes" originx="660" originy="20" style="Default" rotation="0" justify="lowerleft" flipped="False" hidden="False" data="5" />
    </sympin>
    <sympin number="6" originx="200" originy="0" rotation="180" length="100" width="7.8740157480315" flipped="False">
      <text name="pinname" originx="230" originy="0" style="Default" rotation="0" justify="left" flipped="False" hidden="False" data="6" />
      <text name="pindes" originx="140" originy="20" style="Default" rotation="0" justify="lowerright" flipped="False" hidden="False" data="6" />
    </sympin>
  </symbol>
  <component name="615006138421" designatorprefix="J" height="0" footprint="615006138421">
    <comppin designator="1" sympin="1" pinswap="0" gateswap="0" gate="1" group="1" side="" type="Any" name="1" />
    <comppin designator="2" sympin="2" pinswap="0" gateswap="0" gate="1" group="1" side="" type="Any" name="2" />
    <comppin designator="3" sympin="3" pinswap="0" gateswap="0" gate="1" group="1" side="" type="Any" name="3" />
    <comppin designator="4" sympin="4" pinswap="0" gateswap="0" gate="1" group="1" side="" type="Any" name="4" />
    <comppin designator="5" sympin="5" pinswap="0" gateswap="0" gate="1" group="1" side="" type="Any" name="5" />
    <comppin designator="6" sympin="6" pinswap="0" gateswap="0" gate="1" group="1" side="" type="Any" name="6" />
    <attached_symbol gate="1" name="615006138421" />
    <pinmap designator="1" footprintpin="1" />
    <pinmap designator="2" footprintpin="2" />
    <pinmap designator="3" footprintpin="3" />
    <pinmap designator="4" footprintpin="4" />
    <pinmap designator="5" footprintpin="5" />
    <pinmap designator="6" footprintpin="6" />
    <text name="Datasheet" originx="0" originy="0" style="Default" rotation="0" justify="" flipped="False" hidden="True" data="https://datasheet.datasheetarchive.com/originals/distributors/Datasheets_SAMA/d903c0ff66a0161181c1f88819c65d73.pdf" />
    <text name="Description" originx="0" originy="0" style="Default" rotation="0" justify="" flipped="False" hidden="True" data="HORIZONTAL PLASTIC 6P6C MODULAR JACK TAP UP" />
    <text name="Mouser Part Number" originx="0" originy="0" style="Default" rotation="0" justify="" flipped="False" hidden="True" data="710-615006138421" />
    <text name="Mouser Price/Stock" originx="0" originy="0" style="Default" rotation="0" justify="" flipped="False" hidden="True" data="https://www.mouser.co.uk/ProductDetail/Wurth-Elektronik/615006138421?qs=rS3zZhy2AQPoaD7M%2F0wyLg%3D%3D" />
    <text name="Manufacturer_Name" originx="0" originy="0" style="Default" rotation="0" justify="" flipped="False" hidden="True" data="Wurth Elektronik" />
    <text name="Manufacturer_Part_Number" originx="650" originy="200" style="Default" rotation="0" justify="left" flipped="False" hidden="False" data="615006138421" />
  </component>
</quadcept_library>
